,lat,lon,time
0,48.152358,17.112273,20250825135907
1,48.152354,17.11226,20250825135908
2,48.152357,17.112257,20250825135909
3,48.152357,17.112257,20250825135910
4,48.152357,17.112257,20250825135911
5,48.152357,17.112257,20250825135912
6,48.152366,17.112275,20250825135913
7,48.152367,17.112275,20250825135914
8,48.152366,17.11228,20250825135915
9,48.152366,17.11228,20250825135916
10,48.152366,17.11228,20250825135917
11,48.152301,17.112285,20250825135935
12,48.152263,17.112283,20250825135936
13,48.152234,17.112332,20250825135937
14,48.152226,17.112393,20250825135938
15,48.152254,17.112457,20250825135939
16,48.152284,17.112558,20250825135940
17,48.152298,17.112616,20250825135941
18,48.152312,17.112686,20250825135942
19,48.152328,17.112746,20250825135943
20,48.152361,17.112832,20250825135944
21,48.152409,17.112909,20250825135945
22,48.152452,17.112915,20250825135946
23,48.152483,17.112945,20250825135947
24,48.152521,17.112985,20250825135948
25,48.152575,17.113068,20250825135949
26,48.152565,17.11311,20250825135950
27,48.152578,17.113141,20250825135951
28,48.15264,17.113147,20250825135952
29,48.152675,17.113162,20250825135953
30,48.152763,17.113157,20250825135954
31,48.15279,17.113226,20250825135955
32,48.152823,17.113283,20250825135956
33,48.152855,17.11331,20250825135957
34,48.152886,17.113358,20250825135958
35,48.15289,17.113397,20250825135959
36,48.152895,17.11344,20250825140000
37,48.152901,17.113466,20250825140001
38,48.1529,17.113464,20250825140002
39,48.1529,17.113464,20250825140003
40,48.1529,17.113464,20250825140004
41,48.1529,17.113464,20250825140005
42,48.1529,17.113464,20250825140006
43,48.1529,17.113464,20250825140007
44,48.1529,17.113464,20250825140008
45,48.1529,17.113464,20250825140009
46,48.152919,17.113715,20250825140010
47,48.152922,17.113722,20250825140011
48,48.152995,17.113798,20250825140042
49,48.153018,17.113831,20250825140043
50,48.153047,17.113859,20250825140044
51,48.153075,17.113893,20250825140045
52,48.153104,17.113918,20250825140046
53,48.153115,17.113958,20250825140047
54,48.153114,17.114021,20250825140048
55,48.153136,17.114067,20250825140049
56,48.153172,17.114099,20250825140050
57,48.153202,17.114133,20250825140051
58,48.153241,17.114175,20250825140052
59,48.153287,17.114202,20250825140053
60,48.153327,17.114236,20250825140054
61,48.153356,17.114307,20250825140055
62,48.153389,17.114374,20250825140056
63,48.153423,17.114429,20250825140058
64,48.153462,17.114484,20250825140059
65,48.153507,17.114528,20250825140100
66,48.153546,17.114576,20250825140101
67,48.15358,17.114633,20250825140102
68,48.153655,17.114735,20250825140103
69,48.15365,17.114763,20250825140104
70,48.153653,17.11479,20250825140105
71,48.153694,17.114797,20250825140106
72,48.153775,17.114855,20250825140107
73,48.153824,17.114928,20250825140108
74,48.153846,17.115015,20250825140109
75,48.153877,17.115065,20250825140110
76,48.153925,17.115111,20250825140111
77,48.153967,17.115155,20250825140112
78,48.153997,17.115193,20250825140113
79,48.154019,17.115227,20250825140114
80,48.154042,17.115251,20250825140115
81,48.15408,17.115231,20250825140116
82,48.154099,17.115164,20250825140117
83,48.154123,17.115126,20250825140118
84,48.154163,17.11514,20250825140119
85,48.154196,17.115203,20250825140120
86,48.154189,17.115287,20250825140121
87,48.154182,17.115353,20250825140122
88,48.154183,17.115404,20250825140123
89,48.154184,17.115456,20250825140124
90,48.154184,17.115472,20250825140125
91,48.154207,17.115509,20250825140126
92,48.154234,17.115555,20250825140127
93,48.154259,17.115603,20250825140128
94,48.154284,17.115638,20250825140129
95,48.154319,17.115681,20250825140130
96,48.154343,17.115718,20250825140131
97,48.154353,17.115728,20250825140132
98,48.154366,17.115728,20250825140133
99,48.154366,17.115737,20250825140134
100,48.154374,17.115739,20250825140135
101,48.154381,17.115738,20250825140136
102,48.15439,17.115752,20250825140137
103,48.154397,17.115762,20250825140138
104,48.154405,17.115771,20250825140139
105,48.154412,17.115781,20250825140140
106,48.154419,17.11579,20250825140141
107,48.154426,17.115799,20250825140142
108,48.154433,17.115809,20250825140144
109,48.154441,17.115818,20250825140201
110,48.154448,17.115828,20250825140202
111,48.154455,17.115837,20250825140203
112,48.154483,17.115824,20250825140204
113,48.154531,17.115804,20250825140205
114,48.154553,17.115772,20250825140206
115,48.154593,17.115759,20250825140207
116,48.154608,17.11576,20250825140208
117,48.15463,17.115705,20250825140209
118,48.154676,17.115661,20250825140210
119,48.154716,17.115516,20250825140211
120,48.154734,17.115473,20250825140212
121,48.154788,17.115441,20250825140213
122,48.15479,17.115529,20250825140214
123,48.154794,17.115582,20250825140215
124,48.154719,17.115526,20250825140216
125,48.154766,17.11559,20250825140217
126,48.154835,17.115671,20250825140218
127,48.154868,17.115771,20250825140219
128,48.154886,17.115895,20250825140220
129,48.154914,17.115936,20250825140221
130,48.15491,17.115997,20250825140222
131,48.154979,17.116106,20250825140223
132,48.155009,17.116166,20250825140224
133,48.155044,17.116188,20250825140225
134,48.155138,17.115876,20250825140226
135,48.15517,17.115806,20250825140227
136,48.155228,17.115704,20250825140228
137,48.155278,17.115628,20250825140229
138,48.155358,17.1156,20250825140230
139,48.155405,17.115586,20250825140231
140,48.155497,17.115618,20250825140232
141,48.15555,17.115651,20250825140233
142,48.15563,17.115822,20250825140234
143,48.155704,17.115902,20250825140235
144,48.155807,17.115998,20250825140236
145,48.155888,17.116074,20250825140237
146,48.155964,17.116137,20250825140238
147,48.156051,17.11624,20250825140239
148,48.156101,17.116321,20250825140240
149,48.156144,17.116374,20250825140241
150,48.15618,17.116443,20250825140242
151,48.156199,17.116548,20250825140243
152,48.156227,17.11659,20250825140244
153,48.156293,17.116563,20250825140245
154,48.156386,17.116515,20250825140246
155,48.156483,17.116504,20250825140247
156,48.156533,17.116502,20250825140248
157,48.156582,17.116512,20250825140249
158,48.156651,17.116484,20250825140250
159,48.156707,17.116459,20250825140251
160,48.156763,17.116456,20250825140252
161,48.15683,17.116456,20250825140253
162,48.156857,17.116474,20250825140254
163,48.156862,17.11649,20250825140255
164,48.156868,17.116595,20250825140256
165,48.15688,17.116707,20250825140257
166,48.156916,17.116783,20250825140258
167,48.156954,17.116835,20250825140259
168,48.156929,17.116908,20250825140300
169,48.156939,17.117,20250825140301
170,48.15693,17.117085,20250825140302
171,48.156929,17.117178,20250825140303
172,48.156963,17.117257,20250825140304
173,48.156977,17.117359,20250825140305
174,48.157001,17.117439,20250825140306
175,48.156996,17.117549,20250825140307
176,48.157046,17.117619,20250825140308
177,48.157048,17.11775,20250825140309
178,48.157099,17.117812,20250825140310
179,48.157106,17.117875,20250825140311
180,48.157129,17.117963,20250825140312
181,48.157105,17.118012,20250825140313
182,48.15704,17.118038,20250825140314
183,48.156981,17.118055,20250825140315
184,48.156953,17.118082,20250825140316
185,48.15691,17.118102,20250825140317
186,48.156884,17.118139,20250825140318
187,48.156853,17.118164,20250825140319
188,48.156828,17.11819,20250825140320
189,48.156818,17.118196,20250825140321
190,48.156785,17.118194,20250825140322
191,48.156769,17.11818,20250825140323
192,48.156742,17.11814,20250825140324
193,48.156696,17.118126,20250825140325
194,48.15673,17.118221,20250825140326
195,48.156755,17.118304,20250825140327
196,48.156789,17.118361,20250825140328
197,48.156833,17.118394,20250825140329
198,48.156887,17.118391,20250825140330
199,48.156943,17.118294,20250825140331
200,48.156957,17.118215,20250825140332
201,48.156982,17.118179,20250825140333
202,48.157014,17.11813,20250825140334
203,48.157059,17.118104,20250825140335
204,48.15707,17.118091,20250825140336
205,48.157081,17.118113,20250825140337
206,48.157092,17.118121,20250825140338
207,48.15695,17.118144,20250825140339
208,48.156921,17.118155,20250825140340
209,48.156949,17.118217,20250825140341
210,48.156938,17.118274,20250825140342
211,48.156956,17.118327,20250825140343
212,48.156976,17.118368,20250825140344
213,48.156976,17.118405,20250825140345
214,48.156975,17.118419,20250825140346
215,48.157019,17.118385,20250825140347
216,48.157034,17.118384,20250825140348
217,48.157072,17.118369,20250825140349
218,48.157103,17.118345,20250825140350
219,48.157124,17.11835,20250825140351
220,48.157141,17.11835,20250825140352
221,48.157157,17.118349,20250825140353
222,48.157179,17.118349,20250825140354
223,48.157162,17.118297,20250825140355
224,48.157187,17.118276,20250825140356
225,48.157202,17.118209,20250825140357
226,48.157213,17.11818,20250825140358
227,48.157239,17.118151,20250825140359
228,48.157223,17.118101,20250825140400
229,48.157207,17.118049,20250825140401
230,48.15719,17.118013,20250825140402
231,48.15719,17.117967,20250825140403
232,48.157171,17.117906,20250825140404
233,48.157153,17.117841,20250825140405
234,48.15713,17.117812,20250825140406
235,48.157124,17.117756,20250825140407
236,48.157084,17.117679,20250825140408
237,48.157063,17.117613,20250825140409
238,48.157006,17.117575,20250825140410
239,48.156994,17.11751,20250825140411
240,48.157013,17.117431,20250825140412
241,48.157016,17.11736,20250825140413
242,48.156992,17.117335,20250825140414
243,48.156989,17.117249,20250825140415
244,48.156982,17.117168,20250825140416
245,48.156963,17.117106,20250825140417
246,48.156956,17.11709,20250825140418
247,48.156934,17.117137,20250825140419
248,48.156919,17.117174,20250825140420
249,48.156879,17.117246,20250825140421
250,48.1568,17.117329,20250825140422
251,48.156748,17.117396,20250825140423
252,48.156706,17.1175,20250825140424
253,48.156662,17.117575,20250825140425
254,48.156618,17.117633,20250825140426
255,48.156573,17.11768,20250825140427
256,48.156546,17.117745,20250825140428
257,48.156514,17.117783,20250825140429
258,48.156411,17.117874,20250825140430
259,48.156391,17.117946,20250825140431
260,48.156362,17.11798,20250825140432
261,48.156328,17.118017,20250825140433
262,48.156304,17.118031,20250825140434
263,48.156294,17.118074,20250825140435
264,48.156279,17.118064,20250825140436
265,48.156271,17.118025,20250825140437
266,48.156251,17.118032,20250825140438
267,48.156243,17.118033,20250825140439
268,48.156234,17.118035,20250825140440
269,48.156211,17.118009,20250825140441
270,48.156193,17.117923,20250825140442
271,48.156168,17.117881,20250825140443
272,48.156119,17.117781,20250825140444
273,48.156055,17.11774,20250825140445
274,48.156004,17.117685,20250825140446
275,48.155982,17.117618,20250825140447
276,48.155949,17.117546,20250825140448
277,48.155908,17.11749,20250825140449
278,48.155862,17.117416,20250825140450
279,48.155823,17.117369,20250825140451
280,48.155779,17.117379,20250825140452
281,48.155727,17.117371,20250825140453
282,48.155685,17.117279,20250825140454
283,48.155631,17.117258,20250825140455
284,48.155602,17.11718,20250825140456
285,48.155535,17.117101,20250825140457
286,48.155474,17.117043,20250825140458
287,48.15542,17.11697,20250825140459
288,48.155382,17.116898,20250825140500
289,48.155346,17.116828,20250825140501
290,48.15531,17.116759,20250825140502
291,48.155255,17.116694,20250825140503
292,48.155221,17.116596,20250825140504
293,48.155168,17.116533,20250825140505
294,48.155108,17.116517,20250825140506
295,48.155073,17.116493,20250825140507
296,48.155021,17.116416,20250825140508
297,48.154963,17.116355,20250825140509
298,48.15491,17.116269,20250825140510
299,48.154862,17.116154,20250825140511
300,48.154817,17.116072,20250825140512
301,48.154772,17.115996,20250825140513
302,48.15475,17.115921,20250825140514
303,48.154713,17.115834,20250825140515
304,48.154647,17.115813,20250825140516
305,48.154612,17.115723,20250825140517
306,48.154555,17.115687,20250825140518
307,48.154492,17.115687,20250825140519
308,48.154409,17.11575,20250825140520
309,48.154351,17.115857,20250825140521
310,48.154391,17.11598,20250825140522
311,48.154281,17.11621,20250825140523
312,48.154293,17.116351,20250825140524
313,48.154289,17.11648,20250825140525
314,48.154319,17.1166,20250825140526
315,48.154306,17.116735,20250825140527
316,48.154342,17.116821,20250825140528
317,48.154336,17.116904,20250825140529
318,48.154315,17.117056,20250825140530
319,48.154323,17.117175,20250825140531
320,48.154332,17.117307,20250825140532
321,48.1543,17.117408,20250825140533
322,48.154322,17.11752,20250825140534
323,48.15432,17.117635,20250825140535
324,48.154316,17.117729,20250825140536
325,48.154307,17.117825,20250825140537
326,48.154287,17.117925,20250825140538
327,48.15428,17.118045,20250825140539
328,48.154278,17.118144,20250825140540
329,48.15427,17.118247,20250825140541
330,48.154262,17.118372,20250825140542
331,48.154241,17.118479,20250825140543
332,48.154223,17.118591,20250825140544
333,48.154226,17.118696,20250825140545
334,48.154243,17.118793,20250825140546
335,48.154277,17.118878,20250825140547
336,48.154296,17.118939,20250825140548
337,48.154312,17.118988,20250825140549
338,48.154316,17.119008,20250825140550
339,48.154324,17.119017,20250825140551
340,48.154332,17.119025,20250825140552
341,48.15434,17.119034,20250825140553
342,48.154331,17.119034,20250825140554
343,48.15433,17.119044,20250825140555
344,48.154329,17.119054,20250825140556
345,48.154328,17.119064,20250825140557
346,48.154327,17.119074,20250825140558
347,48.154326,17.119084,20250825140559
348,48.154325,17.119094,20250825140600
349,48.154324,17.119104,20250825140601
350,48.154323,17.119114,20250825140602
351,48.154322,17.119124,20250825140605
352,48.154321,17.119134,20250825140606
353,48.15432,17.119144,20250825140607
354,48.154343,17.119185,20250825140608
355,48.154348,17.119244,20250825140609
356,48.154372,17.119297,20250825140610
357,48.154402,17.119344,20250825140611
358,48.154438,17.119384,20250825140612
359,48.154446,17.119451,20250825140613
360,48.154438,17.119566,20250825140614
361,48.154434,17.119656,20250825140615
362,48.154419,17.119748,20250825140616
363,48.154402,17.119843,20250825140617
364,48.154393,17.119913,20250825140618
365,48.154362,17.119944,20250825140619
366,48.154333,17.120021,20250825140620
367,48.15429,17.120086,20250825140621
368,48.15426,17.120162,20250825140622
369,48.154244,17.120244,20250825140623
370,48.154214,17.120323,20250825140624
371,48.154194,17.120406,20250825140625
372,48.154171,17.120473,20250825140626
373,48.15414,17.12056,20250825140627
374,48.154128,17.120639,20250825140628
375,48.154107,17.120716,20250825140629
376,48.154072,17.1208,20250825140630
377,48.154044,17.120885,20250825140631
378,48.154021,17.120941,20250825140632
379,48.153991,17.121007,20250825140633
380,48.153973,17.121094,20250825140634
381,48.153931,17.121168,20250825140635
382,48.153902,17.121237,20250825140636
383,48.153867,17.1213,20250825140637
384,48.153832,17.121374,20250825140638
385,48.153778,17.12144,20250825140639
386,48.153718,17.121507,20250825140640
387,48.153685,17.12158,20250825140641
388,48.15364,17.121653,20250825140642
389,48.153602,17.121725,20250825140643
390,48.153567,17.121789,20250825140644
391,48.153555,17.121853,20250825140645
392,48.153547,17.121893,20250825140646
393,48.153547,17.121905,20250825140647
394,48.153554,17.121899,20250825140648
395,48.153554,17.121899,20250825140649
396,48.153561,17.121915,20250825140650
397,48.153569,17.12193,20250825140651
398,48.153562,17.121951,20250825140652
399,48.153556,17.121973,20250825140653
400,48.153545,17.121999,20250825140654
401,48.153537,17.122008,20250825140655
402,48.153529,17.122017,20250825140656
403,48.153516,17.122061,20250825140657
404,48.153513,17.122076,20250825140658
405,48.153494,17.122129,20250825140659
406,48.153487,17.122184,20250825140700
407,48.153507,17.122229,20250825140701
408,48.153549,17.122295,20250825140702
409,48.153584,17.122326,20250825140703
410,48.153619,17.122375,20250825140704
411,48.153672,17.122363,20250825140705
412,48.153716,17.122436,20250825140706
413,48.153732,17.122538,20250825140707
414,48.153769,17.122591,20250825140708
415,48.153814,17.122655,20250825140709
416,48.153862,17.12272,20250825140710
417,48.153906,17.122777,20250825140711
418,48.153953,17.122843,20250825140712
419,48.153988,17.122925,20250825140713
420,48.154052,17.122988,20250825140714
421,48.154107,17.12306,20250825140715
422,48.154141,17.123128,20250825140716
423,48.154178,17.123202,20250825140717
424,48.154216,17.123279,20250825140718
425,48.154244,17.123359,20250825140719
426,48.154293,17.123419,20250825140720
427,48.154342,17.123478,20250825140721
428,48.15439,17.123549,20250825140722
429,48.154437,17.123618,20250825140723
430,48.154492,17.123675,20250825140724
431,48.154535,17.123703,20250825140725
432,48.154597,17.123772,20250825140726
433,48.154634,17.123838,20250825140727
434,48.154678,17.123911,20250825140728
435,48.15473,17.123974,20250825140729
436,48.154786,17.12403,20250825140730
437,48.154849,17.124102,20250825140731
438,48.1549,17.124169,20250825140732
439,48.154957,17.124219,20250825140733
440,48.155009,17.12427,20250825140734
441,48.155067,17.124338,20250825140735
442,48.155126,17.124416,20250825140736
443,48.155165,17.124496,20250825140737
444,48.155201,17.124577,20250825140738
445,48.155251,17.124653,20250825140739
446,48.155319,17.124724,20250825140740
447,48.15539,17.124769,20250825140741
448,48.155446,17.12482,20250825140742
449,48.155488,17.124881,20250825140743
450,48.155541,17.124988,20250825140744
451,48.155589,17.125056,20250825140745
452,48.155642,17.125124,20250825140746
453,48.155696,17.125194,20250825140747
454,48.155754,17.125263,20250825140748
455,48.155805,17.125341,20250825140749
456,48.155857,17.125421,20250825140750
457,48.155911,17.125493,20250825140751
458,48.155965,17.125567,20250825140752
459,48.156013,17.125625,20250825140753
460,48.156061,17.125689,20250825140754
461,48.156112,17.125777,20250825140755
462,48.156166,17.12583,20250825140756
463,48.156209,17.125841,20250825140757
464,48.156272,17.125926,20250825140758
465,48.156334,17.126002,20250825140759
466,48.156404,17.12605,20250825140800
467,48.156444,17.126114,20250825140801
468,48.156484,17.126188,20250825140802
469,48.156534,17.126258,20250825140803
470,48.156589,17.12632,20250825140804
471,48.156642,17.126418,20250825140805
472,48.15669,17.126504,20250825140806
473,48.156762,17.126587,20250825140807
474,48.156815,17.126674,20250825140808
475,48.156862,17.126741,20250825140809
476,48.156908,17.126829,20250825140810
477,48.156961,17.126935,20250825140811
478,48.157027,17.127012,20250825140812
479,48.157084,17.127088,20250825140813
480,48.157151,17.127172,20250825140814
481,48.157208,17.127238,20250825140815
482,48.157253,17.127292,20250825140816
483,48.157304,17.127346,20250825140817
484,48.157347,17.127421,20250825140818
485,48.157395,17.127502,20250825140819
486,48.157444,17.127575,20250825140820
487,48.157486,17.127639,20250825140821
488,48.157529,17.127694,20250825140822
489,48.157578,17.127754,20250825140823
490,48.157622,17.127802,20250825140824
491,48.157662,17.127856,20250825140825
492,48.157703,17.127915,20250825140826
493,48.157739,17.127961,20250825140827
494,48.157771,17.127992,20250825140828
495,48.157801,17.128007,20250825140829
496,48.157804,17.128009,20250825140830
497,48.157807,17.128022,20250825140831
498,48.15781,17.128034,20250825140832
499,48.157814,17.128046,20250825140833
500,48.157817,17.128059,20250825140834
501,48.15782,17.128071,20250825140835
502,48.157823,17.128083,20250825140836
503,48.157826,17.128095,20250825140837
504,48.157829,17.128108,20250825140838
505,48.157833,17.12812,20250825140839
506,48.157836,17.128132,20250825140840
507,48.157839,17.128145,20250825140908
508,48.157842,17.128157,20250825140909
509,48.157877,17.128196,20250825140910
510,48.157902,17.128257,20250825140911
511,48.157927,17.128328,20250825140912
512,48.157987,17.128377,20250825140913
513,48.158042,17.12843,20250825140914
514,48.15809,17.128504,20250825140915
515,48.15814,17.128564,20250825140916
516,48.15819,17.128642,20250825140917
517,48.158238,17.128706,20250825140918
518,48.158266,17.128792,20250825140919
519,48.158316,17.128852,20250825140920
520,48.158361,17.128914,20250825140921
521,48.158401,17.128983,20250825140922
522,48.15846,17.129039,20250825140923
523,48.158532,17.129089,20250825140924
524,48.158617,17.129129,20250825140925
525,48.158694,17.129197,20250825140926
526,48.158756,17.129257,20250825140927
527,48.158853,17.129273,20250825140928
528,48.158927,17.129307,20250825140929
529,48.159003,17.12936,20250825140930
530,48.159092,17.129388,20250825140931
531,48.159143,17.12945,20250825140932
532,48.159201,17.129499,20250825140933
533,48.159252,17.129568,20250825140934
534,48.159308,17.129625,20250825140935
535,48.159359,17.129661,20250825140936
536,48.159416,17.129631,20250825140937
537,48.159515,17.129698,20250825140938
538,48.159616,17.129739,20250825140939
539,48.15967,17.129787,20250825140940
540,48.159718,17.129853,20250825140941
541,48.15977,17.12989,20250825140942
542,48.159841,17.129927,20250825140943
543,48.159895,17.129987,20250825140944
544,48.159947,17.13002,20250825140945
545,48.160008,17.130063,20250825140946
546,48.16007,17.130107,20250825140947
547,48.160133,17.130165,20250825140948
548,48.160194,17.130244,20250825140949
549,48.160239,17.130282,20250825140950
550,48.160283,17.130362,20250825140951
551,48.160368,17.130407,20250825140952
552,48.160444,17.130436,20250825140953
553,48.160506,17.130508,20250825140954
554,48.160573,17.130585,20250825140955
555,48.160653,17.130628,20250825140956
556,48.160705,17.130703,20250825140957
557,48.160744,17.13075,20250825140958
558,48.160813,17.130803,20250825140959
559,48.160822,17.130848,20250825141000
560,48.160894,17.130935,20250825141001
561,48.160959,17.131047,20250825141002
562,48.16103,17.1311,20250825141003
563,48.161085,17.131161,20250825141004
564,48.161154,17.131189,20250825141005
565,48.161195,17.131225,20250825141006
566,48.16125,17.131277,20250825141007
567,48.161304,17.131325,20250825141008
568,48.161387,17.131363,20250825141009
569,48.161509,17.131344,20250825141010
570,48.161544,17.131407,20250825141011
571,48.1616,17.131436,20250825141012
572,48.161631,17.131513,20250825141013
573,48.161671,17.13155,20250825141014
574,48.161696,17.131615,20250825141015
575,48.161766,17.131638,20250825141016
576,48.161837,17.131725,20250825141017
577,48.161921,17.131764,20250825141018
578,48.161997,17.131819,20250825141019
579,48.162032,17.131872,20250825141020
580,48.162076,17.131921,20250825141021
581,48.162109,17.132012,20250825141022
582,48.162143,17.132071,20250825141023
583,48.16219,17.132155,20250825141024
584,48.162235,17.132192,20250825141025
585,48.162307,17.132211,20250825141026
586,48.162368,17.132252,20250825141027
587,48.162433,17.132325,20250825141028
588,48.162487,17.132349,20250825141029
589,48.162551,17.132351,20250825141030
590,48.162605,17.132411,20250825141031
591,48.162664,17.132472,20250825141032
592,48.162708,17.132542,20250825141033
593,48.162818,17.132637,20250825141034
594,48.162849,17.132708,20250825141035
595,48.162886,17.132754,20250825141036
596,48.162959,17.132829,20250825141037
597,48.16301,17.132899,20250825141038
598,48.163064,17.132955,20250825141039
599,48.163126,17.133024,20250825141040
600,48.163193,17.133103,20250825141041
601,48.163263,17.13318,20250825141042
602,48.163308,17.133247,20250825141043
603,48.163354,17.133337,20250825141044
604,48.163412,17.133392,20250825141045
605,48.163456,17.133433,20250825141046
606,48.163508,17.133482,20250825141047
607,48.16355,17.133531,20250825141048
608,48.163592,17.13358,20250825141049
609,48.163715,17.133611,20250825141050
610,48.163751,17.133626,20250825141051
611,48.163754,17.133603,20250825141052
612,48.16375,17.133576,20250825141053
613,48.16377,17.133541,20250825141054
614,48.163779,17.133523,20250825141055
615,48.163788,17.13348,20250825141056
616,48.163818,17.133487,20250825141057
617,48.163846,17.133504,20250825141058
618,48.163854,17.133512,20250825141059
619,48.163898,17.13351,20250825141100
620,48.163916,17.133502,20250825141101
621,48.16394,17.133462,20250825141102
622,48.16396,17.133413,20250825141103
623,48.163979,17.133353,20250825141104
624,48.164007,17.13332,20250825141105
625,48.164027,17.133276,20250825141106
626,48.164057,17.133242,20250825141107
627,48.164081,17.133173,20250825141108
628,48.164111,17.133112,20250825141109
629,48.164146,17.133038,20250825141110
630,48.164174,17.132974,20250825141111
631,48.1642,17.132905,20250825141112
632,48.164237,17.132814,20250825141113
633,48.164266,17.13277,20250825141114
634,48.164256,17.1327,20250825141115
635,48.164257,17.132634,20250825141116
636,48.164176,17.132603,20250825141117
637,48.164143,17.132532,20250825141118
638,48.164117,17.13247,20250825141119
639,48.164036,17.132413,20250825141120
640,48.163994,17.132357,20250825141121
641,48.163917,17.132285,20250825141122
642,48.163827,17.132242,20250825141123
643,48.163767,17.132188,20250825141124
644,48.163704,17.132155,20250825141125
645,48.163656,17.132132,20250825141126
646,48.163652,17.132063,20250825141127
647,48.163678,17.132007,20250825141128
648,48.163703,17.131917,20250825141129
649,48.163735,17.131833,20250825141130
650,48.163768,17.131794,20250825141131
651,48.163784,17.13176,20250825141132
652,48.163845,17.131693,20250825141134
653,48.163872,17.131623,20250825141135
654,48.16388,17.131582,20250825141136
655,48.163917,17.131635,20250825141137
656,48.163965,17.131655,20250825141138
657,48.164014,17.131722,20250825141139
658,48.164056,17.131795,20250825141140
659,48.164099,17.131687,20250825141141
660,48.164117,17.131548,20250825141142
661,48.164128,17.131452,20250825141143
662,48.164157,17.131355,20250825141144
663,48.164182,17.131271,20250825141145
664,48.164217,17.131187,20250825141146
665,48.164244,17.131097,20250825141147
666,48.164278,17.131017,20250825141148
667,48.164321,17.130968,20250825141149
668,48.164373,17.130891,20250825141150
669,48.164378,17.130784,20250825141151
670,48.164402,17.130694,20250825141152
671,48.164427,17.130601,20250825141153
672,48.164452,17.130516,20250825141154
673,48.164492,17.13044,20250825141155
674,48.16452,17.130359,20250825141156
675,48.164565,17.13028,20250825141157
676,48.16459,17.130214,20250825141158
677,48.164623,17.130135,20250825141159
678,48.164649,17.130028,20250825141200
679,48.164676,17.129935,20250825141201
680,48.164701,17.129863,20250825141202
681,48.164723,17.129779,20250825141203
682,48.164755,17.129709,20250825141204
683,48.164798,17.129666,20250825141205
684,48.164837,17.129642,20250825141206
685,48.16487,17.129729,20250825141207
686,48.164913,17.129783,20250825141208
687,48.164958,17.129826,20250825141209
688,48.164936,17.129831,20250825141210
689,48.164941,17.129864,20250825141211
690,48.164972,17.129887,20250825141212
691,48.164989,17.129884,20250825141213
692,48.165012,17.129925,20250825141214
693,48.165022,17.129945,20250825141215
694,48.165061,17.130001,20250825141216
695,48.165113,17.130015,20250825141217
696,48.165146,17.130002,20250825141218
697,48.165232,17.129928,20250825141219
698,48.16528,17.12987,20250825141220
699,48.165314,17.129805,20250825141221
700,48.165348,17.129751,20250825141222
701,48.165394,17.129689,20250825141223
702,48.16543,17.129591,20250825141224
703,48.16547,17.129518,20250825141225
704,48.1656,17.129393,20250825141226
705,48.165655,17.129323,20250825141227
706,48.165689,17.129256,20250825141228
707,48.165722,17.129187,20250825141229
708,48.165751,17.129103,20250825141230
709,48.165787,17.129025,20250825141231
710,48.165825,17.12896,20250825141232
711,48.165857,17.128887,20250825141233
712,48.165887,17.12881,20250825141234
713,48.165928,17.128745,20250825141235
714,48.165967,17.128663,20250825141236
715,48.166021,17.128585,20250825141237
716,48.166057,17.128516,20250825141238
717,48.166092,17.128435,20250825141239
718,48.166143,17.128371,20250825141240
719,48.166191,17.128289,20250825141241
720,48.166223,17.128215,20250825141242
721,48.16626,17.128133,20250825141243
722,48.166295,17.128059,20250825141244
723,48.166325,17.127983,20250825141245
724,48.166364,17.127923,20250825141246
725,48.166395,17.127863,20250825141247
726,48.166437,17.127816,20250825141248
727,48.166485,17.127792,20250825141249
728,48.166541,17.127768,20250825141250
729,48.166582,17.127753,20250825141251
730,48.166627,17.127745,20250825141252
731,48.166632,17.127757,20250825141253
732,48.166648,17.127765,20250825141254
733,48.166664,17.127773,20250825141255
734,48.166699,17.127793,20250825141256
735,48.166742,17.127794,20250825141257
736,48.166761,17.127806,20250825141258
737,48.166796,17.127804,20250825141259
738,48.166821,17.127839,20250825141300
739,48.166856,17.127867,20250825141301
740,48.166894,17.127889,20250825141302
741,48.166933,17.127893,20250825141303
742,48.166972,17.127915,20250825141304
743,48.167012,17.127945,20250825141305
744,48.167038,17.127959,20250825141306
745,48.167069,17.127964,20250825141307
746,48.167102,17.127964,20250825141308
747,48.167191,17.127944,20250825141309
748,48.167249,17.127975,20250825141310
749,48.167318,17.127984,20250825141311
750,48.167435,17.128013,20250825141312
751,48.167522,17.128046,20250825141313
752,48.167635,17.128074,20250825141314
753,48.167724,17.128118,20250825141315
754,48.167812,17.128144,20250825141316
755,48.167879,17.128171,20250825141317
756,48.167944,17.128202,20250825141318
757,48.168013,17.128238,20250825141319
758,48.168064,17.128291,20250825141320
759,48.168091,17.128269,20250825141321
760,48.16811,17.128282,20250825141322
761,48.168147,17.128314,20250825141323
762,48.168202,17.128319,20250825141324
763,48.168234,17.128337,20250825141325
764,48.16827,17.128369,20250825141326
765,48.16831,17.1284,20250825141327
766,48.168343,17.128423,20250825141328
767,48.168354,17.128432,20250825141329
768,48.168367,17.12844,20250825141330
769,48.168371,17.128439,20250825141331
770,48.168371,17.128437,20250825141332
771,48.168371,17.128437,20250825141333
772,48.168393,17.128455,20250825141334
773,48.168393,17.128455,20250825141335
774,48.168393,17.128455,20250825141336
775,48.168393,17.128455,20250825141337
776,48.168429,17.128466,20250825141338
777,48.168441,17.128472,20250825141340
778,48.168521,17.128479,20250825141349
779,48.168535,17.128486,20250825141350
780,48.168549,17.128494,20250825141351
781,48.168588,17.128523,20250825141352
782,48.168611,17.128542,20250825141353
783,48.168631,17.128577,20250825141354
784,48.168677,17.128601,20250825141355
785,48.168731,17.128644,20250825141356
786,48.168777,17.128656,20250825141357
787,48.168835,17.128657,20250825141358
788,48.168894,17.128669,20250825141359
789,48.168944,17.12868,20250825141400
790,48.169009,17.128682,20250825141401
791,48.169077,17.12869,20250825141402
792,48.16913,17.128707,20250825141403
793,48.16918,17.128743,20250825141404
794,48.169215,17.128817,20250825141405
795,48.169264,17.128845,20250825141406
796,48.169332,17.128862,20250825141407
797,48.169392,17.128884,20250825141408
798,48.169521,17.128908,20250825141409
799,48.169589,17.128915,20250825141410
800,48.169644,17.128922,20250825141411
801,48.169713,17.128902,20250825141412
802,48.169787,17.128858,20250825141413
803,48.16986,17.12888,20250825141414
804,48.169917,17.128872,20250825141415
805,48.169978,17.128858,20250825141416
806,48.170035,17.128866,20250825141417
807,48.170092,17.128862,20250825141418
808,48.170159,17.128908,20250825141419
809,48.170194,17.128948,20250825141420
810,48.170254,17.128996,20250825141421
811,48.170328,17.129,20250825141422
812,48.170407,17.128972,20250825141423
813,48.170465,17.128959,20250825141424
814,48.170532,17.128971,20250825141425
815,48.170595,17.128999,20250825141426
816,48.170652,17.129022,20250825141427
817,48.170716,17.129027,20250825141428
818,48.170784,17.129051,20250825141429
819,48.170847,17.129078,20250825141430
820,48.170901,17.129077,20250825141431
821,48.170963,17.129074,20250825141432
822,48.171029,17.129074,20250825141433
823,48.171064,17.129139,20250825141434
824,48.171139,17.12916,20250825141435
825,48.17122,17.129172,20250825141436
826,48.171263,17.129157,20250825141437
827,48.171356,17.129184,20250825141438
828,48.171422,17.129188,20250825141439
829,48.171503,17.1292,20250825141440
830,48.17158,17.129231,20250825141441
831,48.171633,17.129232,20250825141442
832,48.171685,17.129241,20250825141443
833,48.17169,17.129337,20250825141444
834,48.171809,17.129341,20250825141445
835,48.171898,17.129362,20250825141446
836,48.171986,17.129398,20250825141447
837,48.172065,17.129419,20250825141448
838,48.172146,17.129425,20250825141449
839,48.172214,17.129439,20250825141450
840,48.172278,17.129483,20250825141451
841,48.172345,17.129399,20250825141452
842,48.172384,17.129517,20250825141453
843,48.172494,17.129503,20250825141454
844,48.172589,17.129499,20250825141455
845,48.172688,17.129525,20250825141456
846,48.172782,17.12958,20250825141457
847,48.172863,17.129608,20250825141458
848,48.17293,17.129607,20250825141459
849,48.172996,17.129635,20250825141500
850,48.173051,17.12964,20250825141501
851,48.17311,17.129641,20250825141502
852,48.173158,17.129651,20250825141503
853,48.173192,17.129716,20250825141504
854,48.173214,17.12977,20250825141505
855,48.173231,17.129833,20250825141506
856,48.173218,17.129922,20250825141507
857,48.173187,17.129995,20250825141508
858,48.173167,17.130067,20250825141509
859,48.173139,17.130125,20250825141510
860,48.173082,17.130192,20250825141511
861,48.17304,17.13027,20250825141512
862,48.172977,17.130339,20250825141513
863,48.172953,17.130422,20250825141514
864,48.172915,17.130508,20250825141515
865,48.172883,17.130595,20250825141516
866,48.172842,17.130675,20250825141517
867,48.172804,17.130759,20250825141518
868,48.172767,17.130872,20250825141519
869,48.172722,17.130947,20250825141520
870,48.172683,17.131035,20250825141521
871,48.17263,17.131108,20250825141522
872,48.172589,17.131208,20250825141523
873,48.172539,17.13131,20250825141524
874,48.172494,17.1314,20250825141525
875,48.172479,17.131481,20250825141526
876,48.172454,17.131578,20250825141527
877,48.172429,17.131659,20250825141528
878,48.172381,17.131718,20250825141529
879,48.172353,17.13181,20250825141530
880,48.172323,17.131922,20250825141531
881,48.172286,17.132018,20250825141532
882,48.17223,17.132118,20250825141533
883,48.1722,17.132223,20250825141534
884,48.172153,17.132313,20250825141535
885,48.172115,17.132389,20250825141536
886,48.172073,17.132488,20250825141537
887,48.172036,17.132585,20250825141538
888,48.172002,17.13267,20250825141539
889,48.17198,17.132747,20250825141540
890,48.171943,17.132847,20250825141541
891,48.171912,17.132939,20250825141542
892,48.171882,17.133033,20250825141543
893,48.171848,17.133124,20250825141544
894,48.171817,17.133213,20250825141546
895,48.171781,17.133307,20250825141547
896,48.171739,17.133392,20250825141548
897,48.171701,17.133489,20250825141549
898,48.171673,17.133592,20250825141550
899,48.171654,17.133703,20250825141551
900,48.171633,17.133803,20250825141552
901,48.171602,17.133898,20250825141553
902,48.171571,17.133996,20250825141554
903,48.171538,17.134087,20250825141555
904,48.171505,17.134183,20250825141556
905,48.171461,17.134277,20250825141557
906,48.171418,17.134366,20250825141558
907,48.171385,17.134461,20250825141559
908,48.171348,17.13455,20250825141600
909,48.171305,17.134639,20250825141601
910,48.171265,17.134729,20250825141602
911,48.17119,17.134913,20250825141603
912,48.171153,17.135006,20250825141604
913,48.171118,17.135096,20250825141605
914,48.171074,17.135193,20250825141606
915,48.171034,17.135284,20250825141607
916,48.170998,17.13538,20250825141608
917,48.170946,17.135478,20250825141609
918,48.170911,17.13557,20250825141610
919,48.170885,17.135668,20250825141611
920,48.170847,17.135765,20250825141612
921,48.170802,17.135863,20250825141613
922,48.170766,17.135954,20250825141614
923,48.170713,17.136049,20250825141615
924,48.170675,17.136141,20250825141616
925,48.170621,17.136226,20250825141617
926,48.170591,17.13632,20250825141618
927,48.170541,17.136428,20250825141619
928,48.170514,17.136524,20250825141620
929,48.170483,17.136604,20250825141621
930,48.170456,17.136702,20250825141622
931,48.170415,17.136791,20250825141623
932,48.17037,17.136886,20250825141624
933,48.170327,17.13697,20250825141625
934,48.170299,17.137061,20250825141626
935,48.170267,17.137142,20250825141627
936,48.17024,17.137241,20250825141628
937,48.170206,17.137328,20250825141629
938,48.170153,17.137419,20250825141630
939,48.170112,17.137499,20250825141631
940,48.170088,17.137592,20250825141632
941,48.170057,17.137677,20250825141633
942,48.170014,17.13777,20250825141634
943,48.169973,17.137862,20250825141635
944,48.169937,17.137951,20250825141636
945,48.169904,17.138041,20250825141637
946,48.169852,17.138126,20250825141638
947,48.169811,17.138212,20250825141639
948,48.169778,17.138299,20250825141640
949,48.169737,17.138379,20250825141641
950,48.169705,17.138465,20250825141642
951,48.169679,17.138547,20250825141643
952,48.16965,17.138623,20250825141644
953,48.169622,17.138696,20250825141645
954,48.169573,17.138766,20250825141646
955,48.169548,17.13883,20250825141647
956,48.169529,17.138894,20250825141648
957,48.169511,17.138966,20250825141649
958,48.169522,17.139007,20250825141650
959,48.16954,17.139049,20250825141651
960,48.169584,17.139099,20250825141652
961,48.169637,17.139087,20250825141653
962,48.169664,17.139143,20250825141654
963,48.169716,17.139206,20250825141655
964,48.169741,17.13931,20250825141656
965,48.169763,17.139411,20250825141657
966,48.169803,17.139496,20250825141658
967,48.169858,17.139566,20250825141659
968,48.169919,17.139646,20250825141700
969,48.169973,17.13972,20250825141701
970,48.170032,17.139788,20250825141702
971,48.170071,17.13985,20250825141703
972,48.170129,17.139905,20250825141704
973,48.170175,17.140007,20250825141705
974,48.170219,17.140069,20250825141706
975,48.170258,17.140116,20250825141707
976,48.170279,17.140177,20250825141708
977,48.170275,17.140236,20250825141709
978,48.17019,17.140287,20250825141710
979,48.170153,17.140308,20250825141711
980,48.170142,17.140351,20250825141712
981,48.17019,17.140332,20250825141713
982,48.170179,17.140373,20250825141714
983,48.170174,17.140395,20250825141715
984,48.170168,17.140417,20250825141716
985,48.170132,17.140421,20250825141717
986,48.170115,17.14043,20250825141718
987,48.170083,17.140466,20250825141719
988,48.170035,17.140462,20250825141720
989,48.169977,17.14046,20250825141721
990,48.169935,17.14045,20250825141722
991,48.169906,17.140446,20250825141723
992,48.169873,17.140451,20250825141724
993,48.169848,17.140456,20250825141725
994,48.169831,17.140475,20250825141726
995,48.169809,17.140522,20250825141727
996,48.169775,17.14052,20250825141728
997,48.169737,17.140488,20250825141729
998,48.169557,17.140575,20250825141730
999,48.169392,17.140668,20250825141731
1000,48.169227,17.14076,20250825141732
1001,48.169062,17.140853,20250825141733
1002,48.16899,17.140887,20250825141734
1003,48.168897,17.140939,20250825141735
1004,48.168827,17.140985,20250825141736
1005,48.168782,17.141025,20250825141737
1006,48.168696,17.141054,20250825141738
1007,48.16863,17.141066,20250825141739
1008,48.168574,17.141098,20250825141740
1009,48.168508,17.141127,20250825141741
1010,48.168426,17.141145,20250825141742
1011,48.168359,17.141171,20250825141743
1012,48.16829,17.141188,20250825141744
1013,48.168226,17.141213,20250825141745
1014,48.168164,17.141235,20250825141746
1015,48.168088,17.14124,20250825141747
1016,48.168035,17.141289,20250825141748
1017,48.16805,17.141482,20250825141749
1018,48.1681,17.141579,20250825141750
1019,48.168125,17.141674,20250825141751
1020,48.16812,17.141659,20250825141752
1021,48.168116,17.14165,20250825141753
1022,48.168111,17.141642,20250825141754
1023,48.168107,17.141633,20250825141755
1024,48.168103,17.141624,20250825141756
1025,48.168157,17.141623,20250825141757
1026,48.168183,17.141641,20250825141758
1027,48.168202,17.141674,20250825141759
1028,48.168215,17.141711,20250825141800
1029,48.16825,17.141745,20250825141801
1030,48.168262,17.141764,20250825141802
1031,48.168277,17.141805,20250825141803
1032,48.16829,17.141847,20250825141804
1033,48.168308,17.141896,20250825141805
1034,48.168341,17.141928,20250825141806
1035,48.168364,17.141972,20250825141807
1036,48.168392,17.142013,20250825141808
1037,48.168418,17.142057,20250825141809
1038,48.168447,17.1421,20250825141810
1039,48.168478,17.142134,20250825141811
1040,48.16851,17.142172,20250825141812
1041,48.168542,17.142206,20250825141813
1042,48.168578,17.142245,20250825141814
1043,48.16861,17.142275,20250825141815
1044,48.168639,17.142311,20250825141816
1045,48.168678,17.142336,20250825141817
1046,48.168718,17.142356,20250825141818
1047,48.168755,17.142396,20250825141819
1048,48.168795,17.142425,20250825141820
1049,48.168842,17.14244,20250825141821
1050,48.168886,17.142451,20250825141822
1051,48.168928,17.142464,20250825141823
1052,48.168969,17.142472,20250825141824
1053,48.169011,17.142476,20250825141825
1054,48.169045,17.142508,20250825141826
1055,48.169084,17.142532,20250825141827
1056,48.169115,17.142558,20250825141828
1057,48.169161,17.142574,20250825141829
1058,48.169197,17.142579,20250825141830
1059,48.169229,17.142587,20250825141831
1060,48.169265,17.142607,20250825141832
1061,48.169276,17.142614,20250825141833
1062,48.169308,17.142613,20250825141834
1063,48.169317,17.142606,20250825141835
1064,48.169337,17.142568,20250825141836
1065,48.169357,17.142536,20250825141837
1066,48.169377,17.142499,20250825141838
1067,48.169385,17.142447,20250825141839
1068,48.169366,17.142385,20250825141840
1069,48.169348,17.142336,20250825141841
1070,48.169333,17.142282,20250825141842
1071,48.169321,17.142221,20250825141843
1072,48.169311,17.142165,20250825141844
1073,48.169306,17.142122,20250825141845
1074,48.169292,17.142084,20250825141846
1075,48.169291,17.14204,20250825141847
1076,48.1693,17.141987,20250825141848
1077,48.169304,17.141971,20250825141849
1078,48.169314,17.141953,20250825141850
1079,48.169331,17.141936,20250825141851
1080,48.169325,17.141952,20250825141852
1081,48.16933,17.141946,20250825141853
1082,48.169333,17.141935,20250825141854
1083,48.169328,17.14195,20250825141855
1084,48.169326,17.141956,20250825141856
1085,48.169327,17.141954,20250825141857
1086,48.169327,17.141952,20250825141858
1087,48.169328,17.141956,20250825141859
1088,48.169327,17.141957,20250825141900
1089,48.169337,17.141954,20250825141901
1090,48.169334,17.141944,20250825141902
1091,48.16933,17.141944,20250825141903
1092,48.16933,17.141944,20250825141904
